PR Number,Title,Author,URL,Date,Status
5,"Create testdb",RobbevanVlietPXL,https://github.com/RobbevanVlietPXL/zebra/pull/5,2025-05-27T07:02:03.594Z,closed
6,"Create anothertest",RobbevanVlietPXL,https://github.com/RobbevanVlietPXL/zebra/pull/6,2025-05-27T08:34:11.413Z,closed
7,"Create pr3",RobbevanVlietPXL,https://github.com/RobbevanVlietPXL/zebra/pull/7,2025-05-27T08:35:51.960Z,closed
2,"Update README.md",RobbevanVlietPXL,https://github.com/RobbevanVlietPXL/zebra/pull/2,2025-05-27T08:36:11.670Z,closed
8,"Create pr4",RobbevanVlietPXL,https://github.com/RobbevanVlietPXL/zebra/pull/8,2025-05-27T08:37:05.633Z,closed
9,"Create plswork",RobbevanVlietPXL,https://github.com/RobbevanVlietPXL/zebra/pull/9,2025-05-27T08:40:34.030Z,closed
10,"Intern please fix",RobbevanVlietPXL,https://github.com/RobbevanVlietPXL/zebra/pull/10,2025-05-27T08:45:04.121Z,closed
11,"Create plsfixfinaly",RobbevanVlietPXL,https://github.com/RobbevanVlietPXL/zebra/pull/11,2025-05-27T08:55:34.152Z,closed
12,"Create internfix",RobbevanVlietPXL,https://github.com/RobbevanVlietPXL/zebra/pull/12,2025-05-27T09:04:31.238Z,closed
13,"Create yes",RobbevanVlietPXL,https://github.com/RobbevanVlietPXL/zebra/pull/13,2025-05-27T09:06:26.745Z,closed
15,"docs: add RobbevanVlietPXL as a contributor for blog",allcontributors[bot],https://github.com/RobbevanVlietPXL/zebra/pull/15,2025-06-08T17:59:24.674Z,closed
